,Fold,0,1
0,0,5.87048266332418,5.661868078426282
