,Fold,0,1
0,0,0.9997253302793988,0.9997253302793988
