,Fold,0,1
0,0,0.8933153371601884,0.9177070852391532
