,Fold,0,1
0,0,0.9734209875119268,0.00037645663529775386
