,Fold,0,1
0,0,1.2027410384768864,3.3733067375629298
