,Fold,0,1
0,0,215.8150283332062,339485.84252090694
