,Fold,0,1
0,0,7.851045731607174,24.24018321657539
