,Fold,0,1,2
0,0,0.9927354194586268,1.0222004088299077,0.5255428480751968
