{
        "maxiter": 5000,
        "gtol": 1e-16,
        "result": "(  message: CONVERGENCE: REL_REDUCTION_OF_F_<=_FACTR*EPSMCH\n  success: True\n   status: 0\n      fun: -92.28383364363606\n        x: [ 2.929e+00  3.154e+00  3.321e+00  3.319e+00  3.507e+00\n             3.448e+00  6.152e+00  1.034e+00 -5.785e+00]\n      nit: 23\n      jac: [-2.153e-04  1.666e-04  8.310e-05 -1.283e-04 -1.047e-04\n             4.169e-04  9.105e-06  2.870e-04 -1.984e-04]\n     nfev: 33\n     njev: 33\n hess_inv: <9x9 LbfgsInvHessProduct with dtype=float64>,   message: CONVERGENCE: REL_REDUCTION_OF_F_<=_FACTR*EPSMCH\n  success: True\n   status: 0\n      fun: 49.87904263279444\n        x: [ 2.203e+00  2.166e+00  2.731e+00  2.094e+00  2.668e+00\n             4.373e+00  4.329e+00  2.343e+00 -5.697e+00]\n      nit: 22\n      jac: [ 1.636e-04  5.565e-05  2.745e-04 -3.719e-05 -9.928e-05\n             1.362e-04 -1.683e-05 -1.047e-04 -1.533e-04]\n     nfev: 32\n     njev: 32\n hess_inv: <9x9 LbfgsInvHessProduct with dtype=float64>,   message: CONVERGENCE: REL_REDUCTION_OF_F_<=_FACTR*EPSMCH\n  success: True\n   status: 0\n      fun: 55.78740667578677\n        x: [ 3.983e+00  3.031e+00  3.037e+00  2.434e+00  2.088e+00\n             2.277e+00  2.090e+00  1.868e+00 -5.604e+00]\n      nit: 20\n      jac: [ 4.788e-05  2.885e-05  6.017e-05  2.715e-05  8.261e-05\n             8.606e-05  6.021e-05 -8.293e-05 -1.150e-04]\n     nfev: 30\n     njev: 30\n hess_inv: <9x9 LbfgsInvHessProduct with dtype=float64>)",
        "kernel": {
                "variance": true,
                "covariance": false,
                "lengthscales": {
                        "variant": true,
                        "covariant": false
                }
        },
        "likelihood": {
                "variance": true,
                "covariance": true
        }
}