{
        "maxiter": 5000,
        "gtol": 1e-16,
        "result": "(  message: CONVERGENCE: REL_REDUCTION_OF_F_<=_FACTR*EPSMCH\n  success: True\n   status: 0\n      fun: -200.88134134364157\n        x: [ 3.026e+00  3.373e+00  3.385e+00  3.514e+00  3.748e+00\n             3.974e+00  3.825e+00  1.042e+00 -6.241e+00]\n      nit: 15\n      jac: [ 5.642e-05  1.270e-04 -8.109e-05  1.003e-04 -9.489e-05\n             5.496e-05 -9.360e-06  4.392e-06 -2.537e-05]\n     nfev: 22\n     njev: 22\n hess_inv: <9x9 LbfgsInvHessProduct with dtype=float64>,   message: CONVERGENCE: REL_REDUCTION_OF_F_<=_FACTR*EPSMCH\n  success: True\n   status: 0\n      fun: -16.770015908045764\n        x: [ 2.018e+00  2.184e+00  2.493e+00  2.411e+00  2.670e+00\n             3.303e+00  3.649e+00  1.894e+00 -6.741e+00]\n      nit: 19\n      jac: [ 1.393e-03  7.332e-04 -1.782e-04  3.304e-04  2.703e-04\n             1.779e-04  9.310e-05 -5.566e-04 -8.013e-05]\n     nfev: 27\n     njev: 27\n hess_inv: <9x9 LbfgsInvHessProduct with dtype=float64>,   message: CONVERGENCE: REL_REDUCTION_OF_F_<=_FACTR*EPSMCH\n  success: True\n   status: 0\n      fun: -19.88155193224236\n        x: [ 3.303e+00  3.098e+00  3.163e+00  2.675e+00  2.450e+00\n             2.368e+00  2.103e+00  1.562e+00 -5.687e+00]\n      nit: 18\n      jac: [-3.851e-05  3.235e-06  2.232e-05  2.793e-05 -7.304e-06\n             5.932e-07  1.129e-06  1.774e-06  6.335e-06]\n     nfev: 26\n     njev: 26\n hess_inv: <9x9 LbfgsInvHessProduct with dtype=float64>)",
        "kernel": {
                "variance": true,
                "covariance": false,
                "lengthscales": {
                        "variant": true,
                        "covariant": false
                }
        },
        "likelihood": {
                "variance": true,
                "covariance": true
        }
}