{
        "maxiter": 5000,
        "gtol": 1e-16,
        "result": "(  message: CONVERGENCE: REL_REDUCTION_OF_F_<=_FACTR*EPSMCH\n  success: True\n   status: 0\n      fun: -106.41696780619623\n        x: [ 2.907e+00  3.161e+00  3.038e+00  3.398e+00  3.467e+00\n             3.670e+00  3.921e+00  7.488e-01 -6.288e+00]\n      nit: 16\n      jac: [ 1.557e-05  1.023e-04  1.717e-04  1.495e-04  3.791e-05\n            -3.387e-04 -5.798e-05  2.157e-04 -1.443e-04]\n     nfev: 24\n     njev: 24\n hess_inv: <9x9 LbfgsInvHessProduct with dtype=float64>,   message: CONVERGENCE: REL_REDUCTION_OF_F_<=_FACTR*EPSMCH\n  success: True\n   status: 0\n      fun: 35.01047834595863\n        x: [ 1.994e+00  2.259e+00  2.592e+00  2.513e+00  3.137e+00\n             3.585e+00  3.684e+00  1.994e+00 -6.015e+00]\n      nit: 21\n      jac: [ 2.083e-03 -1.397e-03  4.805e-04  1.889e-03  2.900e-04\n             5.429e-04  2.935e-04 -1.076e-03 -6.796e-04]\n     nfev: 30\n     njev: 30\n hess_inv: <9x9 LbfgsInvHessProduct with dtype=float64>,   message: CONVERGENCE: REL_REDUCTION_OF_F_<=_FACTR*EPSMCH\n  success: True\n   status: 0\n      fun: 29.615643613080124\n        x: [ 3.361e+00  3.588e+00  3.440e+00  2.754e+00  3.201e+00\n             2.341e+00  2.301e+00  2.209e+00 -5.440e+00]\n      nit: 20\n      jac: [-8.313e-05  7.153e-05  8.823e-05 -2.502e-05  1.215e-04\n             2.286e-04  1.035e-04 -8.556e-05  2.565e-05]\n     nfev: 29\n     njev: 29\n hess_inv: <9x9 LbfgsInvHessProduct with dtype=float64>)",
        "kernel": {
                "variance": true,
                "covariance": false,
                "lengthscales": {
                        "variant": true,
                        "covariant": false
                }
        },
        "likelihood": {
                "variance": true,
                "covariance": true
        }
}