,Fold,0,1,2
0,0,0.9583945593775044,1.0155806890035601,1.0507275171038208
