,Fold,0,1,2
0,0,0.912124736220082,0.03151438809434288,0.01351159345111562
