,Fold,0,1,2
0,0,0.7116875068020773,6.458671625129447,5.924308019630628
