{
        "maxiter": 5000,
        "gtol": 1e-16,
        "result": "(  message: CONVERGENCE: REL_REDUCTION_OF_F_<=_FACTR*EPSMCH\n  success: True\n   status: 0\n      fun: -125.59974808379354\n        x: [ 2.914e+00  3.244e+00  3.200e+00  3.401e+00  3.571e+00\n             4.157e+00  3.809e+00  9.986e-01 -6.424e+00]\n      nit: 16\n      jac: [-4.669e-05 -2.121e-04 -2.562e-04 -1.064e-04  3.700e-04\n             2.202e-04 -1.563e-04 -6.715e-05 -7.943e-05]\n     nfev: 23\n     njev: 23\n hess_inv: <9x9 LbfgsInvHessProduct with dtype=float64>,   message: CONVERGENCE: REL_REDUCTION_OF_F_<=_FACTR*EPSMCH\n  success: True\n   status: 0\n      fun: 23.350863306829126\n        x: [ 2.152e+00  2.232e+00  2.631e+00  2.842e+00  3.076e+00\n             3.227e+00  3.302e+00  2.116e+00 -6.181e+00]\n      nit: 20\n      jac: [-5.902e-05  8.380e-05 -5.251e-06 -9.623e-05 -5.063e-05\n             1.461e-04 -3.613e-05 -6.843e-05  8.443e-05]\n     nfev: 28\n     njev: 28\n hess_inv: <9x9 LbfgsInvHessProduct with dtype=float64>,   message: CONVERGENCE: REL_REDUCTION_OF_F_<=_FACTR*EPSMCH\n  success: True\n   status: 0\n      fun: 6.916439657760861\n        x: [ 3.459e+00  3.949e+00  3.335e+00  3.616e+00  2.651e+00\n             2.481e+00  2.149e+00  2.135e+00 -5.395e+00]\n      nit: 20\n      jac: [ 6.006e-05  4.156e-06  5.871e-05 -3.766e-05  1.597e-05\n            -3.677e-05  1.166e-05 -3.592e-05  2.378e-05]\n     nfev: 28\n     njev: 28\n hess_inv: <9x9 LbfgsInvHessProduct with dtype=float64>)",
        "kernel": {
                "variance": true,
                "covariance": false,
                "lengthscales": {
                        "variant": true,
                        "covariant": false
                }
        },
        "likelihood": {
                "variance": true,
                "covariance": true
        }
}