,Fold,0,1,2
0,0,0.03673262501662894,0.4417411047972329,2.0231993668651738
