,Fold,0,1,2
0,0,0.018155711996659992,0.21833790185575447,1.0
