,Fold,0,1,2
0,0,0.9976372270246292,0.9998778554599024,1.0
