,Fold,0,1,2
0,0,0.9976372270246292,0.00012067313581945879,2.3159625714740603e-05
