,Fold,0,1,2
0,0,1.1457087058912052,88.1334155100342,185967.54746652136
