,Fold,0,1,2
0,0,7.353671769027817,36.107714497615405,22.691748400375012
