,Fold,0,1
0,0,0.9052374103939596,1.0995704346341486
