,Fold,0,1
0,0,0.8232645966832968,0.05739295385193605
