,Fold,0,1,2
0,0,1.0024169605787707,1.0024169605787707,1.002416960578771
