,Fold,0,1,2
0,0,0.9999999999999998,0.9999999999999998,1.0
