,Fold,0,1,2
0,0,0.9999999999999998,1.7720738068663821e-15,1.7720738068663821e-15
