,Fold,0,1,2
0,0,0.9805827274133818,0.99890277412205,1.0
