,Fold,0,1,2
0,0,0.9805827274133818,0.006564420636377469,0.00013139841697055668
