,Fold,0,1,2
0,0,0.9217441674748892,0.9220347407648176,0.9220347407648176
