,Fold,0,1,2
0,0,0.999684856462472,6.487237755460281e-05,-1.2041010772590188e-15
