,Fold,0,1,2
0,0,1.4831232052291097,1.5583675177268619,2.0342878330082534
