,Fold,0,1,2
0,0,1.0840708101001486,4.405861148323312,21.895868899670873
