,Fold,0,1
0,0,0.9756971009236696,0.014488321794103191
