,Fold,0,1
0,0,1.2264758731554792,3.6144923201351427
