,Fold,0,1
0,0,0.9217446559859248,0.9220352191539688
