,Fold,0,1,2
0,0,1.0587591158066858,23.924840879790477,89.50701640008484
