,Fold,0,1
0,0,1.0547472600291603,1.0615283477694135
