,Fold,0,1
0,0,0.9936119579335756,9.339461597008515e-05
