,Fold,0,1,2
0,0,0.9976025585981088,0.9983006960349268,1.0
