,Fold,0,1
0,0,0.9718733615555424,0.022393106084794525
