,Fold,0,1
0,0,1.1457304675745452,88.15683091735713
