,Fold,0,1,2
0,0,0.8970411993353196,0.9093867803154362,0.9138163070682616
