,Fold,0,1,2
0,0,0.9816428010715188,0.9951527164501623,1.0
