,Fold,0,1,2
0,0,0.9816428010715188,0.000291298176651175,0.0016547993632609328
