,Fold,0,1
0,0,0.9923948587303528,0.0011192177534043776
