,Fold,0,1
0,0,0.4310305041779689,1.2000590028208613
