,Fold,0,1,2
0,0,398.5696644877043,407010.9546831515,475635.1273899602
