,Fold,0,1
0,0,0.9911124865855441,4.260073104871996
